Timestamp (s),Voltage (V),LeftMotorVelocity (inches / s),RightMotorVelocity (inches / s)
28.859999999999474,0.0,0.0,0.0
28.879999999999473,0.005,0.0,0.0
28.899999999999473,0.01,0.0,0.0
28.919999999999472,0.015,0.0,0.0
28.939999999999472,0.02,0.0,0.0
28.95999999999947,0.025,0.0,0.0
28.97999999999947,0.030000000000000002,0.0,0.0
28.99999999999947,0.035,0.0,0.0
29.01999999999947,0.04,0.0,0.0
29.03999999999947,0.045,0.0,0.0
29.05999999999947,0.049999999999999996,0.0,0.0
29.07999999999947,0.05499999999999999,0.0,0.0
29.09999999999947,0.05999999999999999,0.0,0.0
29.119999999999468,0.06499999999999999,0.0,0.0
29.139999999999468,0.06999999999999999,0.0,0.0
29.159999999999467,0.075,0.0,0.0
29.179999999999467,0.08,0.0,0.0
29.199999999999466,0.085,0.0,0.0
29.219999999999466,0.09000000000000001,0.0,0.0
29.239999999999466,0.09500000000000001,0.0,0.0
29.259999999999465,0.10000000000000002,0.0,0.0
29.279999999999465,0.10500000000000002,0.0,0.0
29.299999999999464,0.11000000000000003,0.0,0.0
29.319999999999464,0.11500000000000003,0.0,0.0
29.339999999999463,0.12000000000000004,0.0,0.0
29.359999999999463,0.12500000000000003,0.0,0.0
29.379999999999463,0.13000000000000003,0.0,0.0
29.399999999999462,0.13500000000000004,0.0,0.0
29.41999999999946,0.14000000000000004,0.0,0.0
29.43999999999946,0.14500000000000005,0.0,0.0
29.45999999999946,0.15000000000000005,0.0,0.0
29.47999999999946,0.15500000000000005,0.0,0.0
29.49999999999946,0.16000000000000006,0.0,0.0
29.51999999999946,0.16500000000000006,0.0,0.0
29.53999999999946,0.17000000000000007,0.0,0.0
29.55999999999946,0.17500000000000007,0.0,0.0
29.57999999999946,0.18000000000000008,0.0,0.0
29.599999999999458,0.18500000000000008,0.0,0.0
29.619999999999457,0.19000000000000009,0.0,0.0
29.639999999999457,0.1950000000000001,0.0,0.0
29.659999999999457,0.2000000000000001,0.0,0.0
29.679999999999456,0.2050000000000001,0.0,0.0
29.699999999999456,0.2100000000000001,0.0,0.0
29.719999999999455,0.2150000000000001,0.0,0.0
29.739999999999455,0.2200000000000001,0.0,0.0
29.759999999999454,0.22500000000000012,0.0,0.0
29.779999999999454,0.23000000000000012,0.0,0.0
29.799999999999454,0.23500000000000013,0.0,0.0
29.819999999999453,0.24000000000000013,0.0,0.0
29.839999999999453,0.24500000000000013,0.0,0.0
29.859999999999452,0.2500000000000001,0.0,0.0
29.879999999999452,0.2550000000000001,0.0,0.0
29.89999999999945,0.2600000000000001,0.0,0.0
29.91999999999945,0.2650000000000001,0.0,0.0
29.93999999999945,0.27000000000000013,0.0,0.0
29.95999999999945,0.27500000000000013,0.0,0.0
29.97999999999945,0.28000000000000014,0.0,0.0
29.99999999999945,0.28500000000000014,0.0,0.0
30.01999999999945,0.29000000000000015,0.0,0.0
30.03999999999945,0.29500000000000015,0.0,0.0
30.059999999999448,0.30000000000000016,0.0,0.0
30.079999999999448,0.30500000000000016,0.0,0.0
30.099999999999447,0.31000000000000016,0.0,0.0
30.119999999999447,0.31500000000000017,0.0,0.0
30.139999999999446,0.3200000000000002,0.0,0.0
30.159999999999446,0.3250000000000002,0.0,0.0
30.179999999999445,0.3300000000000002,0.0,0.0
30.199999999999445,0.3350000000000002,0.0,0.0
30.219999999999445,0.3400000000000002,0.0,0.0
30.239999999999444,0.3450000000000002,0.0,0.0
30.259999999999444,0.3500000000000002,0.0,0.0
30.279999999999443,0.3550000000000002,0.0,0.0
30.299999999999443,0.3600000000000002,0.0,0.0
30.319999999999443,0.3650000000000002,0.0,0.0
30.339999999999442,0.3700000000000002,0.0,0.0
30.35999999999944,0.3750000000000002,0.0,0.0
30.37999999999944,0.3800000000000002,0.0,0.0
30.39999999999944,0.38500000000000023,0.0,0.0
30.41999999999944,0.39000000000000024,0.0,0.0
30.43999999999944,0.39500000000000024,0.0,0.0
30.45999999999944,0.40000000000000024,0.0,0.0
30.47999999999944,0.40500000000000025,0.0,0.0
30.49999999999944,0.41000000000000025,0.0,0.0
30.51999999999944,0.41500000000000026,0.0,0.0
30.539999999999438,0.42000000000000026,0.0,0.0
30.559999999999437,0.42500000000000027,0.0,0.0
30.579999999999437,0.43000000000000027,0.0,0.0
30.599999999999437,0.4350000000000003,0.0,0.0
30.619999999999436,0.4400000000000003,0.0,0.0
30.639999999999436,0.4450000000000003,0.0,0.0
30.659999999999435,0.4500000000000003,0.0,0.0
30.679999999999435,0.4550000000000003,0.0,0.0
30.699999999999434,0.4600000000000003,0.0,0.0
30.719999999999434,0.4650000000000003,0.0,0.0
30.739999999999434,0.4700000000000003,0.0,0.0
30.759999999999433,0.4750000000000003,0.0,0.0
30.779999999999433,0.4800000000000003,0.07159528467002986,0.0
30.799999999999432,0.4850000000000003,0.07159528467002986,0.0
30.819999999999432,0.4900000000000003,0.07159528467002986,0.0
30.83999999999943,0.49500000000000033,0.07159528467002986,0.0
30.85999999999943,0.5000000000000003,0.07159528467002986,0.0
30.87999999999943,0.5050000000000003,0.07159528467002986,0.0
30.89999999999943,0.5100000000000003,0.07159528467002986,0.0
30.91999999999943,0.5150000000000003,0.07159528467002986,0.0
30.93999999999943,0.5200000000000004,0.07159528467002986,0.0
30.95999999999943,0.5250000000000004,0.07159528467002986,0.0
30.97999999999943,0.5300000000000004,0.07159528467002986,0.0
30.999999999999428,0.5350000000000004,0.07159528467002986,0.0
31.019999999999428,0.5400000000000004,0.07159528467002986,0.0
31.039999999999427,0.5450000000000004,0.07159528467002986,0.0
31.059999999999427,0.5500000000000004,0.07159528467002986,0.0
31.079999999999426,0.5550000000000004,0.07159528467002986,0.0
31.099999999999426,0.5600000000000004,0.07159528467002986,0.0
31.119999999999425,0.5650000000000004,0.07159528467002986,0.0
31.139999999999425,0.5700000000000004,0.07159528467002986,0.0
31.159999999999425,0.5750000000000004,0.07159528467002986,0.0
31.179999999999424,0.5800000000000004,0.07159528467002986,0.0
31.199999999999424,0.5850000000000004,0.0,0.0
31.219999999999423,0.5900000000000004,0.0,0.0
31.239999999999423,0.5950000000000004,0.0,0.0
31.259999999999422,0.6000000000000004,0.0,0.0
31.279999999999422,0.6050000000000004,0.0,0.0
31.29999999999942,0.6100000000000004,1.3967952677221895,0.0
31.31999999999942,0.6150000000000004,1.2996159488679369,0.0
31.33999999999942,0.6200000000000004,2.310622674109516,0.0
31.35999999999942,0.6250000000000004,1.1694063043898666,0.0
31.37999999999942,0.6300000000000004,1.8229014437097377,0.0
31.39999999999942,0.6350000000000005,1.4727228446176328,0.0
31.41999999999942,0.6400000000000005,0.6137596257805432,0.0
31.43999999999942,0.6450000000000005,0.6137596257805432,0.0
31.459999999999418,0.6500000000000005,0.6137596257805432,0.0
31.479999999999418,0.6550000000000005,0.6137596257805432,0.0
31.499999999999417,0.6600000000000005,0.6137596257805432,0.0
31.519999999999417,0.6650000000000005,0.6137596257805432,0.0
31.539999999999417,0.6700000000000005,0.6137596257805432,0.0
31.559999999999416,0.6750000000000005,0.6137596257805432,0.0
31.579999999999416,0.6800000000000005,0.6137596257805432,0.0
31.599999999999415,0.6850000000000005,0.06598465303271976,0.0
31.619999999999415,0.6900000000000005,0.06598465303271976,0.0
31.639999999999414,0.6950000000000005,0.06598465303271976,0.0
31.659999999999414,0.7000000000000005,0.06598465303271976,-0.0207894741562446
31.679999999999414,0.7050000000000005,1.7058246354236932,-0.0207894741562446
31.699999999999413,0.7100000000000005,0.6788097974762006,-0.03576088001781346
31.719999999999413,0.7150000000000005,1.0998718881472813,-0.046977947185205315
31.739999999999412,0.7200000000000005,0.7541965028916624,-0.046977947185205315
31.759999999999412,0.7250000000000005,0.40306206728665367,-0.046977947185205315
31.77999999999941,0.7300000000000005,0.2608817168399551,-0.1152005102315507
31.79999999999941,0.7350000000000005,0.2311917058826463,-0.12735754678236327
31.81999999999941,0.7400000000000005,0.2235247321073419,-0.2727733622291629
31.83999999999941,0.7450000000000006,0.307453052291844,-0.3008952369413964
31.85999999999941,0.7500000000000006,0.7924211174037399,-0.310915033264182
31.87999999999941,0.7550000000000006,1.312623576656458,-0.27318538189796476
31.89999999999941,0.7600000000000006,0.9638723716855864,-0.23517465921647904
31.91999999999941,0.7650000000000006,0.45586278327335183,-0.24895887500324443
31.939999999999408,0.7700000000000006,0.38207124088473526,-0.2523631659119838
31.959999999999408,0.7750000000000006,0.2987763747524178,-0.37148397539483907
31.979999999999407,0.7800000000000006,0.29352758185494254,-1.3200738431165973
31.999999999999407,0.7850000000000006,0.2910697804854058,-0.6709505305382086
32.019999999999406,0.7900000000000006,0.40231121910299245,-0.4707174429545193
32.03999999999941,0.7950000000000006,0.5656469937510041,-0.5939292226620717
32.05999999999941,0.8000000000000006,0.7624762207590717,-0.5461020616107696
32.079999999999416,0.8050000000000006,0.6186120470138217,-0.5943645178729015
32.09999999999942,0.8100000000000006,0.8898735068109257,-0.6389373172451653
32.11999999999942,0.8150000000000006,2.139131772215173,-0.6647119267808923
32.139999999999425,0.8200000000000006,1.6451599548140219,-0.7874210560583371
32.15999999999943,0.8250000000000006,1.0558756766195216,-0.9701520647321429
32.17999999999943,0.8300000000000006,1.8941784529897652,-1.0699073415209222
32.199999999999434,0.8350000000000006,1.708884711317532,-1.5694706967664034
32.21999999999944,0.8400000000000006,1.0386426349729103,-1.1663123645161155
32.23999999999944,0.8450000000000006,1.63398831027697,-1.2351337430286669
32.259999999999444,0.8500000000000006,1.9052322276179974,-1.5592389963900535
32.27999999999945,0.8550000000000006,1.7238810595074308,-1.9447128325235084
32.29999999999945,0.8600000000000007,1.6592026150028631,-1.4347417937238236
32.31999999999945,0.8650000000000007,1.928800748881878,-1.9292957316650252
32.339999999999456,0.8700000000000007,1.9755823863636366,-1.9793921539326402
32.35999999999946,0.8750000000000007,2.163994367555877,-2.108246172502653
32.37999999999946,0.8800000000000007,2.003399474233858,-2.4578260024387224
32.399999999999466,0.8850000000000007,2.464096522155095,-1.6393038784085618
32.41999999999947,0.8900000000000007,2.314833770232597,-2.8397496758649554
32.43999999999947,0.8950000000000007,2.527206156250284,-2.670577392039018
32.459999999999475,0.9000000000000007,2.6593942406975413,-2.7315506761069597
32.47999999999948,0.9050000000000007,2.8885842757302926,-2.687763305376261
32.49999999999948,0.9100000000000007,2.7044617074854407,-3.2993547468804856
32.519999999999484,0.9150000000000007,2.7495601288970604,-3.1169753812709406
32.53999999999949,0.9200000000000007,3.2060718525604823,-3.3106641275886695
32.55999999999949,0.9250000000000007,3.1607163147967183,-3.3288495829394096
32.579999999999494,0.9300000000000007,3.0100529157784246,-3.425513835695725
32.5999999999995,0.9350000000000007,4.152477346350785,-3.308931290445375
32.6199999999995,0.9400000000000007,3.556558540358773,-3.660748832006317
32.6399999999995,0.9450000000000007,3.5036527609834742,-3.310624724771188
32.659999999999506,0.9500000000000007,3.910669347242335,-3.821956581478428
32.67999999999951,0.9550000000000007,3.9651328543733606,-3.9710198720877115
32.69999999999951,0.9600000000000007,3.603368093788458,-4.438944210391932
32.719999999999516,0.9650000000000007,3.563529683056189,-3.99801652892562
32.73999999999952,0.9700000000000008,3.8331748590957324,-4.5648221084416445
32.75999999999952,0.9750000000000008,4.621015034471302,-3.9046857014514726
32.779999999999525,0.9800000000000008,3.999971239987921,-4.188808240219257
32.79999999999953,0.9850000000000008,4.554656798532879,-4.6282424585281445
32.81999999999953,0.9900000000000008,4.482146310022559,-3.8968633109651027
32.839999999999534,0.9950000000000008,4.478970758727296,-4.830627094802285
32.85999999999954,1.0000000000000007,4.802189075340101,-4.270808063748445
32.87999999999954,1.0050000000000006,4.488148829404457,-4.866460224986442
32.899999999999544,1.0100000000000005,4.677507230779579,-4.998059438674669
32.91999999999955,1.0150000000000003,4.659720244576597,-4.7355589982805295
32.93999999999955,1.0200000000000002,4.768355189851718,-5.165976413780296
32.95999999999955,1.0250000000000001,5.474552253493407,-5.174721881162332
32.979999999999556,1.03,4.935187977928783,-4.961685277014734
32.99999999999956,1.035,5.60934884752667,-5.215765689748927
33.01999999999956,1.0399999999999998,5.56390766892027,-4.577668065498231
33.039999999999566,1.0449999999999997,6.02004068735662,-5.412975792013699
33.05999999999957,1.0499999999999996,5.56646855176002,-5.124953939125949
33.07999999999957,1.0549999999999995,5.744300346935404,-5.300544990281642
33.099999999999575,1.0599999999999994,5.556905128153904,-6.006650974972469
33.11999999999958,1.0649999999999993,5.7862417573273985,-5.869139553529983
33.13999999999958,1.0699999999999992,6.323444497488008,-6.480337340415618
33.159999999999584,1.074999999999999,6.284016717496893,-5.67793427230047
33.17999999999959,1.079999999999999,5.818801773910133,-6.670231643566256
33.19999999999959,1.0849999999999989,6.310247045212223,-6.779643666674792
33.219999999999594,1.0899999999999987,6.682088978572115,-6.749375197146532
33.2399999999996,1.0949999999999986,6.362933479732821,-6.19762933915601
33.2599999999996,1.0999999999999985,6.74561063148705,-6.287141468706914
33.2799999999996,1.1049999999999984,6.593704072441095,-5.500751463376048
33.299999999999606,1.1099999999999983,6.5320777756904,-7.539900249376559
33.31999999999961,1.1149999999999982,6.870911965220828,-7.381630974179338
33.33999999999961,1.119999999999998,6.9266895761741125,-6.5215107964269805
33.359999999999616,1.124999999999998,6.682088978572115,-7.363653209794838
33.37999999999962,1.129999999999998,7.555670243107429,-7.099048056555139
33.39999999999962,1.1349999999999978,7.425970420203963,-7.041184660169598
33.419999999999625,1.1399999999999977,7.529083773176343,-7.142615036976172
33.43999999999963,1.1449999999999976,7.635520175679385,-6.923758556316116
33.45999999999963,1.1499999999999975,7.995918132689433,-7.551977845953357
33.479999999999634,1.1549999999999974,7.643073034016597,-7.194713155035953
33.49999999999964,1.1599999999999973,8.577040485954797,-7.428151787860176
33.51999999999964,1.1649999999999971,7.930717910703085,-7.179300554910311
33.539999999999644,1.169999999999997,8.661705175312948,-6.986186457705445
33.55999999999965,1.174999999999997,8.194491088525556,-8.192319019850386
33.57999999999965,1.1799999999999968,8.408258267335711,-8.925174870050697
33.59999999999965,1.1849999999999967,8.554882361986776,-7.933432205806857
33.619999999999656,1.1899999999999966,8.462488591420747,-8.271983822523568
33.63999999999966,1.1949999999999965,8.526561015234652,-8.58127410149622
33.65999999999966,1.1999999999999964,7.917174247167986,-8.181235294117647
33.679999999999666,1.2049999999999963,8.515597734578295,-8.492718224284799
33.69999999999967,1.2099999999999962,8.967760655103488,-8.91059358682769
33.71999999999967,1.214999999999996,8.772335929862184,-8.695007970991842
33.739999999999675,1.219999999999996,9.203652847169375,-9.33554839575782
33.75999999999968,1.2249999999999959,8.886397035333207,-10.029277086713538
33.77999999999968,1.2299999999999958,9.46000544143654,-8.445274311564502
33.799999999999685,1.2349999999999957,9.727644693128168,-9.23389988049396
33.81999999999969,1.2399999999999956,8.995601836879892,-9.125451085886752
33.83999999999969,1.2449999999999954,9.413584216047921,-9.051806052717215
33.859999999999694,1.2499999999999953,9.758015856310951,-8.805938964163607
33.8799999999997,1.2549999999999952,9.34276021899036,-8.697454818335313
33.8999999999997,1.2599999999999951,9.904290546555101,-9.340250495282227
33.9199999999997,1.264999999999995,10.186472333101403,-9.92018544935806
33.939999999999706,1.269999999999995,9.846791036850862,-9.805830718792965
33.95999999999971,1.2749999999999948,9.72968624296058,-10.028553917150376
33.97999999999971,1.2799999999999947,10.219781027261371,-10.502624126864264
33.999999999999716,1.2849999999999946,9.488725908238102,-10.140794750273423
34.01999999999972,1.2899999999999945,10.69730415721263,-10.691136905219462
34.03999999999972,1.2949999999999944,10.062656006945701,-11.457368811269463
34.059999999999725,1.2999999999999943,9.845745433951578,-10.516124154096254
34.07999999999973,1.3049999999999942,10.651834265145133,-10.804925419515229
34.09999999999973,1.309999999999994,11.076855686524372,-10.485600120627263
34.119999999999735,1.314999999999994,10.880578916487385,-10.913449466415567
34.13999999999974,1.3199999999999938,10.733215002315172,-11.127370189615169
34.15999999999974,1.3249999999999937,10.98065687667772,-10.489554265027529
34.179999999999744,1.3299999999999936,11.411306202822448,-10.654690312942888
34.19999999999975,1.3349999999999935,10.852984783456888,-11.569354905793787
34.21999999999975,1.3399999999999934,11.472963497628376,-11.647837192747373
34.23999999999975,1.3449999999999933,11.342902581250256,-11.169818897321608
34.259999999999756,1.3499999999999932,11.56166091691259,-11.833659491193737
34.27999999999976,1.354999999999993,11.576095551208956,-11.677665827036105
34.29999999999976,1.359999999999993,11.436641723542472,-11.652716685517992
34.319999999999766,1.3649999999999929,12.665604225480376,-12.862387866457043
34.33999999999977,1.3699999999999928,12.03018770002595,-11.496197718631178
34.35999999999977,1.3749999999999927,11.774052910052909,-12.357812430583323
34.379999999999775,1.3799999999999926,11.268006157336142,-12.667911467346753
34.39999999999978,1.3849999999999925,12.682929053437901,-14.486849643247748
34.41999999999978,1.3899999999999924,12.015637149028079,-12.512910481331534
34.439999999999785,1.3949999999999922,12.414621083638313,-14.613186235881273
34.45999999999979,1.3999999999999921,12.924542328779854,-13.248964039056919
34.47999999999979,1.404999999999992,13.25464595444582,-13.413801417755703
34.499999999999794,1.409999999999992,12.73693850451028,-13.250226265898158
34.5199999999998,1.4149999999999918,13.718104256053657,-12.632243415077202
34.5399999999998,1.4199999999999917,13.126421594072955,-13.580139627984183
34.5599999999998,1.4249999999999916,14.534538614275263,-13.099222980927713
34.57999999999981,1.4299999999999915,14.014611043933897,-13.501698864187944
34.59999999999981,1.4349999999999914,13.999094111726219,-14.449974025974027
34.61999999999981,1.4399999999999913,14.093428585904645,-15.458597310214516
34.639999999999816,1.4449999999999912,14.941290218617393,-15.904968837555035
34.65999999999982,1.449999999999991,13.922022022022023,-14.478555069748074
34.67999999999982,1.454999999999991,15.005772239305173,-15.703833342742618
34.699999999999825,1.4599999999999909,15.225068418171867,-14.272036942021549
34.71999999999983,1.4649999999999908,14.857493857493859,-15.493037763172552
34.73999999999983,1.4699999999999906,15.074080095377445,-15.266849615806807
34.759999999999835,1.4749999999999905,15.922266742987981,-14.096285410226525
34.77999999999984,1.4799999999999904,15.216739606126914,-15.244259330300872
34.79999999999984,1.4849999999999903,15.46547314578005,-16.26393030462492
34.819999999999844,1.4899999999999902,15.953314980500116,-16.068511351164
34.83999999999985,1.4949999999999901,15.734924765244937,-17.015047712258383
34.85999999999985,1.49999999999999,15.768820861678005,-16.084306695963917
34.87999999999985,1.50499999999999,16.397194058005187,-16.59677804295943
34.89999999999986,1.5099999999999898,16.488559573206878,-16.29728146238575
34.91999999999986,1.5149999999999897,16.009323741007194,-17.48127199597788
34.93999999999986,1.5199999999999896,16.96834014518392,-16.29346298031865
34.959999999999866,1.5249999999999895,16.03331604127039,-16.27820692883895
34.97999999999987,1.5299999999999894,16.27534959920426,-15.94325672035307
34.99999999999987,1.5349999999999893,16.83178022509984,-17.13031161473088
35.019999999999875,1.5399999999999892,17.35367147045979,-17.8664011818357
35.03999999999988,1.544999999999989,16.65241858237548,-17.742186503380534
35.05999999999988,1.549999999999989,16.824653722857317,-16.894139082903127
35.079999999999885,1.5549999999999888,16.702413834514232,-17.477976751492303
35.09999999999989,1.5599999999999887,18.114222453764,-21.303668530290267
35.11999999999989,1.5649999999999886,17.75351033954557,-18.33390456103348
35.139999999999894,1.5699999999999885,16.276301930953775,-17.49996854356716
35.1599999999999,1.5749999999999884,17.804646994815336,-17.74331823690757
35.1799999999999,1.5799999999999883,18.684892859541883,-18.116581998176372
35.1999999999999,1.5849999999999882,18.57881378573337,-18.99105618898068
35.21999999999991,1.589999999999988,17.80920673538639,-17.42323833385531
35.23999999999991,1.594999999999988,17.122930132348415,-18.394524533791827
35.25999999999991,1.5999999999999879,17.65211321233659,-18.367802430005284
35.279999999999916,1.6049999999999878,17.520912068531114,-18.38479841374752
35.29999999999992,1.6099999999999877,17.758043922369765,-19.3949239994422
35.31999999999992,1.6149999999999876,17.347178048019956,-18.533013525218202
35.339999999999925,1.6199999999999875,19.397629009762902,-18.736494678701334
35.35999999999993,1.6249999999999873,19.322172825784943,-18.081253250130008
35.37999999999993,1.6299999999999872,18.81634309680038,-18.98198444110823
35.399999999999935,1.6349999999999871,18.168647942521226,-17.850349740101393
35.41999999999994,1.639999999999987,19.34232668103748,-18.854605842879415
35.43999999999994,1.644999999999987,19.018323533433612,-19.25929516028526
35.459999999999944,1.6499999999999868,19.187556046078498,-20.24910824779792
35.47999999999995,1.6549999999999867,17.0766775124317,-19.432862931395835
35.49999999999995,1.6599999999999866,18.6211005489356,-20.499815756503796
35.51999999999995,1.6649999999999865,19.149249621368583,-19.737600227063083
35.53999999999996,1.6699999999999864,19.06263706140351,-19.001434524216133
35.55999999999996,1.6749999999999863,20.10712736735579,-18.993649709798568
35.57999999999996,1.6799999999999862,20.684265318262938,-20.146447454189904
35.599999999999966,1.684999999999986,19.768459953095018,-19.40439483780956
35.61999999999997,1.689999999999986,19.739000851546976,-21.220781202319195
35.63999999999997,1.6949999999999859,20.405076291079812,-19.97716173513358
35.659999999999975,1.6999999999999857,19.904257602862256,-20.004458827759798
35.67999999999998,1.7049999999999856,19.599915445321308,-19.236652835408023
35.69999999999998,1.7099999999999855,19.533848314606743,-20.545239677967356
35.719999999999985,1.7149999999999854,20.00158193715395,-19.1387092335214
35.73999999999999,1.7199999999999853,20.798713922536265,-19.24197565024903
35.75999999999999,1.7249999999999852,20.569548177179623,-18.27488338479732
35.779999999999994,1.729999999999985,21.23211968552019,-18.486209875722736
35.8,1.734999999999985,21.69242766903221,-20.977526395173456
35.82,1.739999999999985,19.496880913997337,-20.58324700310789
35.84,1.7449999999999848,22.071094183924462,-20.471151015602004
35.86000000000001,1.7499999999999847,21.090454166350746,-22.27434336963485
35.88000000000001,1.7549999999999846,22.28683599070587,-19.706836698547644
35.90000000000001,1.7599999999999845,20.76455658405494,-19.698463281637277
35.920000000000016,1.7649999999999844,22.078101436621953,-20.03327331652863
35.94000000000002,1.7699999999999843,21.077669167234976,-23.149300932090547
35.96000000000002,1.7749999999999841,22.376478159440108,-21.11126290224651
35.980000000000025,1.779999999999984,22.004746459931965,-21.541237512584217
36.00000000000003,1.784999999999984,21.109660772558247,-22.12023856858847
36.02000000000003,1.7899999999999838,22.80016393442623,-21.802947170402884
36.040000000000035,1.7949999999999837,21.89217692428774,-21.090454166350746
36.06000000000004,1.7999999999999836,21.91632524424835,-23.162794570738612
36.08000000000004,1.8049999999999835,22.89022383146807,-23.687473388401603
36.100000000000044,1.8099999999999834,22.60009749756256,-21.935336329942434
36.12000000000005,1.8149999999999833,21.999525466624487,-22.710809928151537
36.14000000000005,1.8199999999999832,22.701542479392803,-22.401707336715795
36.16000000000005,1.824999999999983,21.45153080897663,-22.488640957231787
36.18000000000006,1.829999999999983,22.290407885247216,-22.011711640420987
36.20000000000006,1.8349999999999829,22.862003780718336,-24.98984817177253
36.22000000000006,1.8399999999999828,24.004314808422507,-23.67940750829999
36.240000000000066,1.8449999999999827,24.188,-23.989823199655024
36.26000000000007,1.8499999999999825,23.302504816955683,-23.13774746298453
36.28000000000007,1.8549999999999824,24.177488048674487,-22.897760948304246
36.300000000000075,1.8599999999999823,24.44520608137798,-25.266781724043966
36.32000000000008,1.8649999999999822,24.383064516129032,-26.254082114204817
36.34000000000008,1.8699999999999821,25.484379294548784,-23.418252231015323
36.360000000000085,1.874999999999982,23.286898283800753,-23.531173335589205
36.38000000000009,1.879999999999982,24.743106208859636,-23.609064674927858
36.40000000000009,1.8849999999999818,26.06954076850984,-23.952639283561528
36.420000000000094,1.8899999999999817,24.70794101971931,-24.2301393728223
36.4400000000001,1.8949999999999816,25.4470771201171,-24.974142574968578
36.4600000000001,1.8999999999999815,24.637909654561557,-25.02582096266307
36.4800000000001,1.9049999999999814,23.923798056248387,-23.59904980062781
36.50000000000011,1.9099999999999813,25.409883986480317,-24.637909654561557
36.52000000000011,1.9149999999999812,27.124524622135546,-24.72551111111111
36.54000000000011,1.919999999999981,26.852205811371753,-25.31507098653076
36.560000000000116,1.924999999999981,26.076872597731324,-26.501714939024392
36.58000000000012,1.9299999999999808,26.348583877995644,-25.665436427385124
36.60000000000012,1.9349999999999807,25.722396892916592,-25.99401925053733
36.620000000000125,1.9399999999999806,26.318667802062638,-26.723220290133536
36.64000000000013,1.9449999999999805,26.182417168674696,-25.407563025210084
36.66000000000013,1.9499999999999804,22.324398073836278,-26.4941422992666
36.680000000000135,1.9549999999999803,26.69244794165627,-25.400602684686334
36.70000000000014,1.9599999999999802,28.242664229871053,-26.96413338503296
36.72000000000014,1.96499999999998,26.74377463705413,-27.143052302888368
36.740000000000144,1.96999999999998,26.572602216278185,-27.799520287827306
36.76000000000015,1.9749999999999799,27.145701180833417,-26.358571022458072
36.78000000000015,1.9799999999999798,27.257422831945128,-26.924983060691126
36.80000000000015,1.9849999999999797,27.581755081804666,-28.18257345491388
36.82000000000016,1.9899999999999796,26.85479822359529,-28.456470588235298
36.84000000000016,1.9949999999999795,27.108663872916868,-27.821764352870577
36.86000000000016,1.9999999999999793,26.598011091986997,-26.49161904761905
36.880000000000166,2.0049999999999795,26.95890676487691,-26.182417168674696
36.90000000000017,2.0099999999999794,28.354943934760453,-27.252081904575288
36.92000000000017,2.0149999999999793,30.189060125895377,-28.936024133985228
36.940000000000175,2.019999999999979,28.777363956134906,-27.647549945333466
36.96000000000018,2.024999999999979,27.228073610023493,-28.0122860020141
36.98000000000018,2.029999999999979,29.026609621204216,-28.077319067326133
37.000000000000185,2.034999999999979,29.620061761260782,-30.340532286212916
37.02000000000019,2.0399999999999787,29.078193602341628,-29.280210526315788
37.04000000000019,2.0449999999999786,27.66404773744406,-28.366510299816444
37.060000000000194,2.0499999999999785,28.774387090100344,-28.108528698464024
37.0800000000002,2.0549999999999784,29.252497633820592,-29.234051497635313
37.1000000000002,2.0599999999999783,29.670613333333332,-29.83610425828596
37.1200000000002,2.064999999999978,28.851986308474224,-30.094341663961917
37.14000000000021,2.069999999999978,28.807166528583267,-28.5851402733532
37.16000000000021,2.074999999999978,31.208571749130485,-28.655815390954984
37.18000000000021,2.079999999999978,29.55711401551376,-31.24362574413119
37.200000000000216,2.0849999999999778,31.156137992831543,-30.189060125895377
37.22000000000022,2.0899999999999777,29.469435321538302,-29.197228928309016
37.24000000000022,2.0949999999999775,29.087315695911325,-30.587420277105785
37.260000000000225,2.0999999999999774,28.875947264611234,-30.64808285588365
37.28000000000023,2.1049999999999773,31.110837713902246,-32.60220346929208
37.30000000000023,2.1099999999999772,31.180585136195496,-31.79721079103795
37.320000000000235,2.114999999999977,32.20213012271359,-33.2054434761848
37.34000000000024,2.119999999999977,31.494791666666664,-31.48053417836125
37.36000000000024,2.124999999999977,29.34198312236287,-33.03586698337292
37.380000000000244,2.129999999999977,29.428903935674988,-31.819034545870508
37.40000000000025,2.1349999999999767,33.5863318039121,-31.18408071748879
37.42000000000025,2.1399999999999766,32.81373127285596,-31.191074231890557
37.44000000000025,2.1449999999999765,32.75191334039798,-32.503154942743635
37.46000000000026,2.1499999999999764,31.688539530644793,-33.9594677084605
37.48000000000026,2.1549999999999763,31.423633077270676,-31.53764172335601
37.50000000000026,2.159999999999976,32.82922223533578,-32.95367847411444
37.520000000000266,2.164999999999976,33.7493326862412,-32.59838274932615
37.54000000000027,2.169999999999976,33.44901394901395,-32.17233402729586
37.56000000000027,2.174999999999976,33.47316486161252,-34.10938074800736
37.580000000000275,2.1799999999999757,32.80986081623024,-34.08430339419189
37.60000000000028,2.1849999999999756,33.7493326862412,-34.65761275853476
37.62000000000028,2.1899999999999755,33.82320038910506,-32.84085005903188
37.640000000000285,2.1949999999999754,33.68802228412256,-33.501385041551245
37.66000000000029,2.1999999999999753,34.892373306573006,-33.59444444444445
37.68000000000029,2.204999999999975,34.025932721712536,-36.05937256935442
37.700000000000294,2.209999999999975,33.57822308063737,-32.817602642756015
37.7200000000003,2.214999999999975,33.340764712933,-34.50713311003598
37.7400000000003,2.219999999999975,34.72684144818977,-32.802122641509435
37.7600000000003,2.2249999999999748,33.67578692493947,-34.81376720901126
37.78000000000031,2.2299999999999747,33.533694996986135,-34.13449503006504
37.80000000000031,2.2349999999999746,31.135213790015673,-34.11774806819576
37.82000000000031,2.2399999999999745,33.59850223456939,-32.92247603266659
37.840000000000316,2.2449999999999743,35.910405370513814,-33.42891479389496
37.86000000000032,2.2499999999999742,34.08430339419189,-36.38958660387232
37.88000000000032,2.254999999999974,34.532836747361884,-34.66625124626122
37.900000000000325,2.259999999999974,35.08602421796166,-33.23718484884694
37.92000000000033,2.264999999999974,33.46913728793166,-35.49795814190914
37.94000000000033,2.269999999999974,34.87487462387161,-33.41686689091783
37.960000000000335,2.2749999999999737,35.850238432787734,-35.79027277406073
37.98000000000034,2.2799999999999736,34.277510782501544,-36.94541107716829
38.00000000000034,2.2849999999999735,35.55240286298569,-35.192560728744944
38.020000000000344,2.2899999999999734,36.139015200727556,-35.00654417316889
38.04000000000035,2.2949999999999733,35.638949391415764,-32.20213012271359
38.06000000000035,2.299999999999973,35.14365129500948,-37.21230769230769
38.080000000000354,2.304999999999973,35.850238432787734,-36.139015200727556
38.10000000000036,2.309999999999973,34.640348692403485,-37.89673024523161
38.12000000000036,2.314999999999973,34.892373306573006,-36.55216819973719
38.14000000000036,2.3199999999999728,36.803651759724794,-35.103735487127715
38.160000000000366,2.3249999999999726,36.95031880977683,-36.49940952630889
38.18000000000037,2.3299999999999725,34.84429412501566,-37.42257500336338
38.20000000000037,2.3349999999999724,34.379186750710666,-35.68009235505387
38.220000000000375,2.3399999999999723,35.68466966003849,-35.04182413706223
38.24000000000038,2.344999999999972,34.451572950210554,-36.609897341405635
38.26000000000038,2.349999999999972,35.75806658953593,-38.17236174008508
38.280000000000385,2.354999999999972,37.04381408975895,-38.12004933534329
38.30000000000039,2.359999999999972,37.95878820960699,-36.63883034773446
38.32000000000039,2.364999999999972,35.67551622418879,-34.857393483709274
38.340000000000394,2.3699999999999717,38.12004933534329,-35.74428167566179
38.3600000000004,2.3749999999999716,35.48890022965042,-38.35130290914104
38.3800000000004,2.3799999999999715,37.508360302049624,-37.167557455905936
38.400000000000404,2.3849999999999714,36.93069569835369,-35.152533805130794
38.42000000000041,2.3899999999999713,37.27214257001206,-35.57513748561197
38.44000000000041,2.394999999999971,36.87195121951219,-36.5617770767613
38.46000000000041,2.399999999999971,38.015853491868256,-38.55329175329176
38.480000000000416,2.404999999999971,39.1611994931719,-40.16199826739821
38.50000000000042,2.409999999999971,38.7466220922134,-39.23853858089999
38.52000000000042,2.4149999999999707,41.43014596365803,-40.21425473471158
38.540000000000425,2.4199999999999706,37.72199620287497,-37.77322107550244
38.56000000000043,2.4249999999999705,36.031347150259066,-39.95432347026716
38.58000000000043,2.4299999999999704,37.74759126068666,-38.078302532511984
38.600000000000435,2.4349999999999703,37.20733012306046,-37.392391450463776
38.62000000000044,2.43999999999997,39.078673784771006,-36.37531057931215
38.64000000000044,2.44499999999997,38.31960325113652,-40.017551431448716
38.660000000000444,2.44999999999997,38.37246516760933,-38.92555275678702
38.68000000000045,2.45499999999997,38.015853491868256,-35.13921172309247
38.70000000000045,2.4599999999999698,40.063661241538234,-39.517260974570256
38.720000000000454,2.4649999999999697,38.708878374617306,-39.72040554048265
38.74000000000046,2.4699999999999696,38.33544652701213,-40.88212815990594
38.76000000000046,2.4749999999999694,39.62421652421653,-41.08744460856721
38.78000000000046,2.4799999999999693,40.33671693735499,-41.83516318243345
38.800000000000466,2.4849999999999692,39.590378593794476,-39.05672563886549
38.82000000000047,2.489999999999969,40.22588575560376,-41.22750852230621
38.84000000000047,2.494999999999969,39.562224434646566,-40.542486518000295
38.860000000000475,2.499999999999969,39.06221036371296,-39.24407449209932
38.88000000000048,2.504999999999969,40.798181284834264,-38.383055057265075
38.90000000000048,2.5099999999999687,41.26420412401721,-41.20918518518519
38.920000000000485,2.5149999999999686,42.73498233215548,-42.23534770725782
38.94000000000049,2.5199999999999685,41.94872568240084,-39.7828947368421
38.96000000000049,2.5249999999999684,38.9528077300098,-40.53067171790762
38.980000000000494,2.5299999999999683,42.132990003029384,-40.5720536756126
39.0000000000005,2.534999999999968,41.30709830709831,-40.601663990658295
39.0200000000005,2.539999999999968,40.14460961177659,-42.273860182370825
39.040000000000504,2.544999999999968,40.76230949589684,-39.74310615802258
39.06000000000051,2.549999999999968,42.08199697428139,-41.99305555555556
39.08000000000051,2.5549999999999677,41.22750852230621,-42.79415384615385
39.10000000000051,2.5599999999999676,43.36794512004989,-47.0663282571912
39.120000000000516,2.5649999999999675,43.415326986108944,-41.16649400621578
39.14000000000052,2.5699999999999674,39.82846506300115,-40.69670811997074
39.16000000000052,2.5749999999999673,42.97929542645241,-42.5454267360049
39.180000000000526,2.579999999999967,41.44866636864849,-42.985937258538094
39.20000000000053,2.584999999999967,42.912989817957424,-42.610600490196084
39.22000000000053,2.589999999999967,39.47239960266781,-41.12389118864577
39.240000000000535,2.594999999999967,41.58499028255345,-40.42464758029356
39.26000000000054,2.599999999999967,41.057121771217716,-43.57856807143976
39.28000000000054,2.6049999999999667,40.58389261744966,-41.79116586538462
39.300000000000544,2.6099999999999666,41.90448930400723,-43.280224054768944
39.32000000000055,2.6149999999999665,43.93650292212921,-44.40644955300128
39.34000000000055,2.6199999999999664,43.260031104199065,-43.791246851385395
39.360000000000554,2.6249999999999662,40.708619932679646,-43.442448852100576
39.38000000000056,2.629999999999966,41.43014596365803,-41.70344827586207
39.40000000000056,2.634999999999966,40.88212815990594,-44.77817128139086
39.42000000000056,2.639999999999966,41.59742784507253,-43.55127602943479
39.440000000000566,2.644999999999966,41.417808219178085,-44.00601170700838
39.46000000000057,2.6499999999999657,44.5486867392697,-43.592226923679675
39.48000000000057,2.6549999999999656,44.570100945361325,-42.985937258538094
39.500000000000576,2.6599999999999655,44.4916826615483,-45.48103335513407
39.52000000000058,2.6649999999999654,43.07246825642614,-44.22992526633805
39.54000000000058,2.6699999999999653,44.6129911788292,-42.80732533087104
39.560000000000585,2.674999999999965,43.929564118761846,-43.517209011264086
39.58000000000059,2.679999999999965,44.38519227700654,-45.57044560943643
39.60000000000059,2.684999999999965,43.32741433021807,-41.560137457044675
39.620000000000594,2.689999999999965,45.54805960373342,-42.05654671908074
39.6400000000006,2.6949999999999648,44.456129135368386,-42.813914114206554
39.6600000000006,2.6999999999999647,45.54805960373342,-47.35478379298604
39.680000000000604,2.7049999999999645,45.60032786885246,-45.37716150081567
39.70000000000061,2.7099999999999644,43.915693084938425,-44.63446726572529
39.72000000000061,2.7149999999999643,46.50760742350778,-46.57769591426658
39.74000000000061,2.7199999999999642,46.183297360119546,-46.7892346509672
39.760000000000616,2.724999999999964,46.3294470353098,-44.21586393260213
39.78000000000062,2.729999999999964,45.64522481128979,-45.93922378199835
39.80000000000062,2.734999999999964,45.32540329151051,-43.81884057971015
39.820000000000626,2.739999999999964,46.383525095881275,-44.51304208673388
39.84000000000063,2.7449999999999637,44.12468274111676,-43.53764282360307
39.86000000000063,2.7499999999999636,45.735284445905954,-46.51538461538461
39.880000000000635,2.7549999999999635,48.283631314007984,-47.90940406476059
39.90000000000064,2.7599999999999634,48.68078403920196,-46.915500084331256
39.92000000000064,2.7649999999999633,47.646796848235695,-45.75032894736842
39.940000000000644,2.769999999999963,47.29841863628635,-47.37898143416794
39.96000000000065,2.774999999999963,46.36033333333334,-45.12686567164179
39.98000000000065,2.779999999999963,47.80237154150198,-49.77845382963494
40.000000000000654,2.784999999999963,48.59573724668065,-45.86347897774114
40.02000000000066,2.7899999999999627,51.69336554543765,-45.429038053241875
40.04000000000066,2.7949999999999626,47.671293916024,-48.12491349480969
40.06000000000066,2.7999999999999625,50.85228519195613,-47.82702888583219
40.080000000000666,2.8049999999999624,49.310760503456834,-48.47716974555595
40.10000000000067,2.8099999999999623,49.54791592447453,-46.67930860882698
40.12000000000067,2.814999999999962,48.5025283347864,-48.075008641548564
40.140000000000676,2.819999999999962,48.63822346564085,-47.22614601018675
40.16000000000068,2.824999999999962,49.18868258178603,-51.37827853712597
40.18000000000068,2.829999999999962,51.73182071787242,-47.56532147742818
40.200000000000685,2.8349999999999618,48.075008641548564,-53.033746425166825
40.22000000000069,2.8399999999999617,49.43344588590723,-49.48621241771927
40.24000000000069,2.8449999999999616,49.68065726022504,-49.77845382963494
40.260000000000694,2.8499999999999615,50.89881061299177,-50.101224783861674
40.2800000000007,2.8549999999999613,49.36326530612245,-48.5025283347864
40.3000000000007,2.8599999999999612,46.915500084331256,-48.29201388888889
40.320000000000704,2.864999999999961,51.22688766114181,-45.92405481261351
40.34000000000071,2.869999999999961,54.03302253302254,-52.15863491468217
40.36000000000071,2.874999999999961,51.132720588235294,-51.2080265095729
40.38000000000071,2.879999999999961,53.28773946360153,-49.02396898131829
40.400000000000716,2.8849999999999607,52.86240973014063,-49.58324420677362
40.42000000000072,2.8899999999999606,48.43496430437053,-48.937719915552435
40.44000000000072,2.8949999999999605,49.8766361843285,-52.43393025447691
40.460000000000726,2.8999999999999604,47.346723404255314,-48.23339691347321
40.48000000000073,2.9049999999999603,50.703973751367116,-52.295920285768005
40.50000000000073,2.90999999999996,53.359294072511034,-54.381622678396866
40.520000000000735,2.91499999999996,53.349060222477945,-53.05397673087926
40.54000000000074,2.91999999999996,51.501944084428814,-51.397265336289735
40.56000000000074,2.92499999999996,51.71258598252463,-51.41626617375232
40.580000000000744,2.9299999999999597,50.611717612809315,-50.191627571273905
40.60000000000075,2.9349999999999596,52.952979249952406,-53.318382211999236
40.62000000000075,2.9399999999999595,50.09220241311003,-54.381622678396866
40.640000000000754,2.9449999999999594,55.03798971111991,-48.536381085325424
40.66000000000076,2.9499999999999593,52.32543265613243,-51.151526296432515
40.68000000000076,2.954999999999959,53.400268765598,-52.742131209708
40.70000000000076,2.959999999999959,52.295920285768005,-50.639359184416534
40.720000000000766,2.964999999999959,53.92826677006592,-51.067009362952085
40.74000000000077,2.969999999999959,53.688863153831306,-53.18585086042064
40.76000000000077,2.974999999999959,53.751111111111115,-53.81350357902883
40.780000000000776,2.9799999999999587,49.627475468331845,-53.94918541505043
40.80000000000078,2.9849999999999586,52.335277516462845,-52.84232522796352
40.82000000000078,2.9899999999999585,55.21278285033743,-56.652138492871686
40.840000000000785,2.9949999999999584,54.40289458243692,-54.713217938631
40.86000000000079,2.9999999999999583,56.114988904579384,-52.652280901003216
40.88000000000079,3.004999999999958,55.366640127388536,-54.60581075775422
40.900000000000794,3.009999999999958,53.379773555939366,-54.810246305418715
40.9200000000008,3.014999999999958,55.25665474771554,-50.49228535124342
40.9400000000008,3.019999999999958,55.49920191540304,-51.779970215934476
40.960000000000804,3.0249999999999577,56.06974400322516,-54.907619423608374
40.98000000000081,3.0299999999999576,54.37099296325254,-53.94918541505043
41.00000000000081,3.0349999999999575,55.03798971111991,-58.437394957983194
41.02000000000081,3.0399999999999574,54.59509322865555,-56.95372645372646
41.040000000000816,3.0449999999999573,55.0271018793274,-53.27753303964758
41.06000000000082,3.049999999999957,56.50253910217347,-53.003429878048784
41.08000000000082,3.054999999999957,51.49241021843761,-52.66224914804999
41.100000000000826,3.059999999999957,56.44521103896104,-52.2566222055232
41.12000000000083,3.064999999999957,55.945695897023334,-53.30816404752779
41.14000000000083,3.0699999999999568,56.67522412387938,-54.64872298624754
41.160000000000835,3.0749999999999567,56.8838445807771,-55.72155448717949
41.18000000000084,3.0799999999999566,57.81791727291623,-55.732718894009224
41.20000000000084,3.0849999999999564,53.85517909002905,-54.09607156748346
41.220000000000844,3.0899999999999563,54.61653249558218,-54.41353677621284
41.24000000000085,3.0949999999999562,52.26644118752349,-55.1252477209671
41.26000000000085,3.099999999999956,54.61653249558218,-56.171647819063004
41.280000000000854,3.104999999999956,52.5032087580219,-59.69141630901287
41.30000000000086,3.109999999999956,55.1252477209671,-58.54809513786571
41.32000000000086,3.114999999999956,58.08352474420547,-55.945695897023334
41.34000000000086,3.1199999999999557,56.67522412387938,-56.57148667886923
41.360000000000866,3.1249999999999556,56.002013287698816,-56.05844417573559
41.38000000000087,3.1299999999999555,56.410870006083954,-51.47335307179866
41.40000000000087,3.1349999999999554,57.50713252015712,-57.55472791226981
41.420000000000876,3.1399999999999553,55.532441605110805,-55.322593476531424
41.44000000000088,3.144999999999955,57.45961578186325,-55.643528705741154
41.46000000000088,3.149999999999955,57.42402972749794,-54.11712062256809
41.480000000000885,3.154999999999955,56.72145187601957,-63.21863636363637
41.50000000000089,3.159999999999955,56.96539012901904,-54.6379886073463
41.52000000000089,3.1649999999999547,60.933625410733846,-57.45961578186325
41.540000000000894,3.1699999999999546,56.67522412387938,-58.01084462982273
41.5600000000009,3.1749999999999545,58.832910321489,-55.52135728542915
41.5800000000009,3.1799999999999544,56.825740551583245,-55.95695031180849
41.600000000000904,3.1849999999999543,54.67020440251572,-58.2538219895288
41.62000000000091,3.189999999999954,56.89547964818981,-58.08352474420547
41.64000000000091,3.194999999999954,56.96539012901904,-56.29670107265735
41.66000000000091,3.199999999999954,59.94870689655172,-60.443720121686226
41.680000000000916,3.204999999999954,57.18791118421053,-56.90711947626841
41.70000000000092,3.209999999999954,56.3879991891344,-55.466001994017944
41.72000000000092,3.2149999999999537,56.3879991891344,-59.1456517116734
41.740000000000926,3.2199999999999536,55.059778305621535,-55.28960445239516
41.76000000000093,3.2249999999999535,58.05927781256523,-60.24734676196665
41.78000000000093,3.2299999999999534,59.69141630901287,-58.795603466497575
41.800000000000935,3.2349999999999532,59.02015701251857,-56.548485464525314
41.82000000000094,3.239999999999953,60.23430056301429,-54.89678310637458
41.84000000000094,3.244999999999953,56.73302059963289,-59.81978494623656
41.860000000000944,3.249999999999953,57.84196298606779,-54.767080133884626
41.88000000000095,3.254999999999953,56.05844417573559,-56.67522412387938
41.90000000000095,3.2599999999999527,54.286104605776735,-59.42362743003632
41.920000000000954,3.2649999999999526,56.342313145634996,-61.02720491443616
41.94000000000096,3.2699999999999525,57.93834617787961,-59.64022298456261
41.96000000000096,3.2749999999999524,61.01381881991665,-57.78188616535106
41.98000000000096,3.2799999999999523,54.83185491819436,-59.53809931506849
42.000000000000966,3.284999999999952,56.52550294655558,-58.84535646287286
42.02000000000097,3.289999999999952,58.73353040540541,-60.70755128764732
42.04000000000097,3.294999999999952,57.73391448733914,-55.643528705741154
42.060000000000976,3.299999999999952,58.31488469601677,-56.68677399633177
42.08000000000098,3.3049999999999518,61.08080808080808,-61.01381881991665
42.10000000000098,3.3099999999999516,60.81372977700043,-61.36377674829032
42.120000000000985,3.3149999999999515,60.31266261925412,-60.378120251790754
42.14000000000099,3.3199999999999514,57.16440608302508,-61.47226519337016
42.16000000000099,3.3249999999999513,60.933625410733846,-60.85364252898709
42.180000000000994,3.329999999999951,60.19519584505519,-62.748026167381006
42.200000000001,3.334999999999951,61.868772241992886,-63.652631578947364
42.220000000001,3.339999999999951,63.42042863657091,-62.24255985679123
42.240000000001004,3.344999999999951,66.29218303145853,-61.69039698381016
42.26000000000101,3.349999999999951,60.013376483279394,-61.868772241992886
42.28000000000101,3.3549999999999507,64.77922682813228,-61.74517203107658
42.30000000000101,3.3599999999999506,66.78559423769508,-60.365017361111114
42.320000000001016,3.3649999999999505,63.31937172774869,-65.43448600329334
42.34000000000102,3.3699999999999504,62.35418067697825,-63.31937172774869
42.36000000000102,3.3749999999999503,63.78399449667508,-63.725544100801834
42.380000000001026,3.37999999999995,59.49989304812834,-65.48069679849341
42.40000000000103,3.38499999999995,63.40597219056303,-67.86094169309588
42.42000000000103,3.38999999999995,64.44902687673772,-65.12807305080777
42.440000000001035,3.39499999999995,64.40426024542718,-65.35761278195488
42.46000000000104,3.3999999999999497,64.04835367257657,-61.48585322723254
42.48000000000104,3.4049999999999496,66.60967432950191,-61.77259604707972
42.500000000001044,3.4099999999999495,63.754755901902364,-64.68883720930232
42.52000000000105,3.4149999999999494,64.34466805459172,-60.33882863340564
42.54000000000105,3.4199999999999493,66.22904761904762,-65.40371502468845
42.560000000001054,3.424999999999949,64.82451642973666,-64.13696103297211
42.58000000000106,3.429999999999949,66.37127177284657,-62.93257918552037
42.60000000000106,3.434999999999949,61.608416389811744,-67.04314292600627
42.62000000000106,3.439999999999949,63.81325992200046,-61.33671444321941
42.640000000001066,3.4449999999999488,66.21328255177339,-63.146878547105565
42.66000000000107,3.4499999999999487,65.28091997183759,-66.60967432950191
42.68000000000107,3.4549999999999486,64.37445035871326,-64.06310456011055
42.700000000001076,3.4599999999999485,62.9041157847128,-62.466202560071864
42.72000000000108,3.4649999999999483,64.32978723404256,-67.67931873479318
42.74000000000108,3.4699999999999482,67.84439024390244,-65.20440693858416
42.760000000001085,3.474999999999948,63.98941798941799,-65.85274621212122
42.78000000000109,3.479999999999948,66.80163304514889,-64.9911214953271
42.80000000000109,3.484999999999948,66.19752498810091,-63.42042863657091
42.820000000001095,3.489999999999948,69.19452736318408,-69.92508798391152
42.8400000000011,3.4949999999999477,65.57331447430458,-65.94642010431484
42.8600000000011,3.4999999999999476,69.78474661314601,-66.80163304514889
42.880000000001104,3.5049999999999475,64.37445035871326,-71.78374193548387
42.90000000000111,3.5099999999999474,67.38420542635659,-68.97148524671461
42.92000000000111,3.5149999999999473,64.62871747211896,-68.24386653581944
42.94000000000111,3.519999999999947,70.97780045930084,-68.97148524671461
42.960000000001116,3.524999999999947,65.00630988548727,-66.37127177284657
42.98000000000112,3.529999999999947,67.25386847195358,-71.47019527235355
43.00000000000112,3.534999999999947,69.36708229426434,-65.31157548720357
43.020000000001126,3.5399999999999467,69.67985971943888,-65.63520528551203
43.04000000000113,3.5449999999999466,67.12403474903475,-73.21979468281127
43.06000000000113,3.5499999999999465,70.17204843592332,-68.06019084903353
43.080000000001135,3.5549999999999464,67.41686863790596,-73.64628011649458
43.10000000000114,3.5599999999999463,65.189125849543,-65.55786000471365
43.12000000000114,3.564999999999946,70.40293596557834,-71.03217568947906
43.140000000001145,3.569999999999946,69.40169660678643,-71.63584857069276
43.16000000000115,3.574999999999946,69.85484681064791,-66.94632972322503
43.18000000000115,3.579999999999946,71.50694087403599,-69.66240921612822
43.200000000001154,3.584999999999946,70.5636732623034,-68.16025483950013
43.22000000000116,3.5899999999999457,73.06593117940636,-68.043542074364
43.24000000000116,3.5949999999999456,69.81977911646587,-70.24292929292929
43.26000000000116,3.5999999999999455,70.18975523593238,-67.2864054184809
43.280000000001166,3.6049999999999454,66.0560436950843,-67.84439024390244
43.30000000000117,3.6099999999999453,70.31395348837209,-71.6543019062339
43.32000000000117,3.614999999999945,70.06599496221662,-67.99364458567588
43.340000000001176,3.619999999999945,66.22904761904762,-73.68529801324505
43.36000000000118,3.624999999999945,68.95438770451165,-68.81791192478971
43.38000000000118,3.629999999999945,77.31017231795443,-70.63534789233114
43.400000000001185,3.6349999999999447,73.10433639947438,-74.15675819781393
43.42000000000119,3.6399999999999446,74.95607652923741,-68.3612681248464
43.44000000000119,3.6449999999999445,73.76345796870856,-71.03217568947906
43.460000000001195,3.6499999999999444,71.34188253398307,-70.54577732690845
43.4800000000012,3.6549999999999443,73.60730351944959,-67.4986653724824
43.5000000000012,3.659999999999944,71.43348741653827,-73.33561824413393
43.520000000001204,3.664999999999944,69.0571002979146,-67.67931873479318
43.54000000000121,3.669999999999944,72.04403004403004,-71.76522187822498
43.56000000000121,3.674999999999944,69.57528764382191,-70.81517311608961
43.58000000000121,3.6799999999999438,70.99591628381827,-68.02690144289558
43.60000000000122,3.6849999999999437,69.61011011011011,-75.0774628879892
43.62000000000122,3.6899999999999435,73.74390243902438,-72.23110880290834
43.64000000000122,3.6949999999999434,72.3062126332207,-74.35498529804865
43.660000000001226,3.6999999999999433,72.43802083333333,-74.37486631016043
43.68000000000123,3.7049999999999432,74.67436241610739,-73.45180881964616
43.70000000000123,3.709999999999943,76.64976577569578,-72.47576862949452
43.720000000001235,3.714999999999943,73.93992557150452,-73.2969696969697
43.74000000000124,3.719999999999943,74.99649501213266,-76.71318257032543
43.76000000000124,3.724999999999943,68.37807276302851,-71.06847215125192
43.780000000001245,3.7299999999999427,72.9700944386149,-72.32501300052003
43.80000000000125,3.7349999999999426,73.10433639947438,-73.31628887717449
43.82000000000125,3.7399999999999425,76.90406414155377,-71.63584857069276
43.840000000001254,3.7449999999999424,77.28869130313977,-71.83935950413223
43.86000000000126,3.7499999999999423,70.01308834633778,-69.45368289637953
43.88000000000126,3.754999999999942,75.97978694345807,-73.68529801324505
43.90000000000126,3.759999999999942,74.83508205542104,-72.47576862949452
43.92000000000127,3.764999999999942,73.82218683651804,-72.855421686747
43.94000000000127,3.769999999999942,70.5994923857868,-77.24576506525966
43.96000000000127,3.7749999999999417,72.24987012987013,-71.67276475135274
43.980000000001276,3.7799999999999416,72.77917320774463,-72.53246414602347
44.00000000000128,3.7849999999999415,72.06269430051813,-72.006730520321
44.02000000000128,3.7899999999999414,75.09773218142549,-74.13699360341153
44.040000000001285,3.7949999999999413,73.74390243902438,-73.27766069546892
44.06000000000129,3.799999999999941,75.03695710817374,-71.78374193548387
44.08000000000129,3.804999999999941,74.17653333333332,-74.35498529804865
44.100000000001295,3.809999999999941,76.39714364185664,-72.26864120550793
44.1200000000013,3.814999999999941,78.7325219360317,-75.48493894165537
44.1400000000013,3.8199999999999408,75.11801242236025,-74.53429796355842
44.160000000001304,3.8249999999999407,74.71447757185065,-70.24292929292929
44.18000000000131,3.8299999999999406,73.6657838983051,-75.73155458753062
44.20000000000131,3.8349999999999405,76.62865013774105,-71.01404135818228
44.22000000000131,3.8399999999999403,76.3133058984911,-76.62865013774105
44.24000000000132,3.8449999999999402,75.40309026836542,-72.98924166885332
44.26000000000132,3.84999999999994,78.86645874681032,-72.21235721703012
44.28000000000132,3.85499999999994,74.3947579566729,-75.56696549850584
44.300000000001326,3.85999999999994,76.41813186813188,-69.59269452089067
44.32000000000133,3.86499999999994,77.33166527661942,-77.46087440824283
44.34000000000133,3.8699999999999397,75.11801242236025,-72.0253754531331
44.360000000001335,3.8749999999999396,77.28869130313977,-78.66572398190046
44.38000000000134,3.8799999999999395,72.87450877652607,-76.3133058984911
44.40000000000134,3.8849999999999394,76.08369803063457,-70.01308834633778
44.420000000001345,3.8899999999999393,75.8968622100955,-76.73434482758621
44.44000000000135,3.894999999999939,77.69888268156424,-74.93588362068967
44.46000000000135,3.899999999999939,73.35495780590718,-74.89553042541735
44.480000000001354,3.904999999999939,75.91757641921399,-80.48668981481481
44.50000000000136,3.909999999999939,75.93830193830195,-75.50542888165037
44.52000000000136,3.9149999999999388,73.37430757056185,-82.22347029263967
44.54000000000136,3.9199999999999386,76.5864537444934,-76.64976577569578
44.56000000000137,3.9249999999999385,79.113196814562,-72.64612170279446
44.58000000000137,3.9299999999999384,74.35498529804865,-71.85791785068459
44.60000000000137,3.9349999999999383,71.34188253398307,-71.82081074102763
44.620000000001376,3.939999999999938,72.91271297509829,-73.92027637523253
44.64000000000138,3.944999999999938,82.39395734597157,-79.52029731275015
44.66000000000138,3.949999999999938,78.91120567375886,-79.18075718758895
44.680000000001385,3.954999999999938,77.54725397267912,-74.21611526147278
44.70000000000139,3.959999999999938,74.01862692921767,-75.75217864923748
44.72000000000139,3.9649999999999377,81.95698291101944,-73.92027637523253
44.740000000001395,3.9699999999999376,77.54725397267912,-79.02329545454545
44.7600000000014,3.9749999999999375,79.27101738387006,-77.65549972082636
44.7800000000014,3.9799999999999374,75.52592994841162,-79.81692969870876
44.800000000001404,3.9849999999999373,72.57031046177929,-79.74827981651377
44.82000000000141,3.989999999999937,77.07453588251593,-78.33342720360463
44.84000000000141,3.994999999999937,76.81911074288871,-79.06822057987493
44.86000000000141,3.999999999999937,79.6569301260023,-72.93183009963293
44.88000000000142,4.004999999999937,81.00232964472917,-79.794033275961
44.90000000000142,4.009999999999937,82.29644970414202,-81.00232964472917
44.92000000000142,4.014999999999937,85.82597963591485,-82.1021251475797
44.940000000001426,4.0199999999999365,77.28869130313977,-78.39966178128523
44.96000000000143,4.024999999999936,77.74231414197877,-79.47485714285715
44.98000000000143,4.029999999999936,78.00392596747055,-79.95458465076172
45.000000000001435,4.034999999999936,81.00232964472917,-79.95458465076172
45.02000000000144,4.039999999999936,78.6879773691655,-83.93542546771273
45.04000000000144,4.044999999999936,83.45694569456946,-75.54644215100488
45.060000000001445,4.049999999999936,81.21518248175182,-80.9787481804949
45.08000000000145,4.054999999999936,83.55722439170923,-81.81235294117647
45.10000000000145,4.059999999999936,81.31014323297282,-82.24778237729154
45.120000000001454,4.0649999999999356,83.80897860801446,-76.04209950792783
45.14000000000146,4.0699999999999354,83.58233173076924,-82.15062020082694
45.16000000000146,4.074999999999935,81.23890186915888,-79.29361459521095
45.18000000000146,4.079999999999935,81.28638223261251,-82.6632986627043
45.20000000000147,4.084999999999935,80.37041317538284,-82.56515286435143
45.22000000000147,4.089999999999935,86.38571428571429,-86.22504649721017
45.24000000000147,4.094999999999935,78.4660084626234,-81.40532630962832
45.260000000001476,4.099999999999935,84.21495610051468,-79.06822057987493
45.28000000000148,4.104999999999935,79.09070230309923,-82.93440667859274
45.30000000000148,4.109999999999935,85.48309772587585,-77.96020179372196
45.320000000001485,4.1149999999999345,83.10785778308933,-87.03441802252817
45.34000000000149,4.119999999999934,84.52202977818293,-79.20330296127563
45.36000000000149,4.124999999999934,79.09070230309923,-81.0495337995338
45.380000000001495,4.129999999999934,80.74368650217707,-79.67974792323118
45.4000000000015,4.134999999999934,82.19917257683215,-74.11723954169997
45.4200000000015,4.139999999999934,85.72018489984592,-87.03441802252817
45.440000000001504,4.144999999999934,82.54065281899109,-84.29151515151516
45.46000000000151,4.149999999999934,84.90903540903541,-86.25178294573644
45.48000000000151,4.154999999999934,86.03835446953293,-81.21518248175182
45.50000000000151,4.1599999999999335,90.51806052717214,-86.22504649721017
45.52000000000152,4.164999999999933,86.22504649721017,-84.44505160898603
45.54000000000152,4.169999999999933,82.78630952380952,-85.66738527871883
45.56000000000152,4.174999999999933,85.29960134927936,-88.27737226277372
45.580000000001526,4.179999999999933,88.13751584283904,-92.4126245847176
45.60000000000153,4.184999999999933,85.74660912453761,-84.75380865326021
45.62000000000153,4.189999999999933,84.03685800604231,-86.27853598014889
45.640000000001535,4.194999999999933,82.32080497188518,-78.35549295774648
45.66000000000154,4.199999999999933,81.66823253082795,-90.16596434359806
45.68000000000154,4.204999999999933,89.8746365105008,-82.9096870342772
45.700000000001545,4.2099999999999325,89.38367609254499,-92.8754590984975
45.72000000000155,4.214999999999932,88.69961734693878,-89.96183699870635
45.74000000000155,4.219999999999932,88.22137646685697,-85.82597963591485
45.760000000001554,4.224999999999932,89.04033290653008,-81.57243401759531
45.78000000000156,4.229999999999932,88.3334391870435,-89.90368455074338
45.80000000000156,4.234999999999932,86.60087173100871,-82.24778237729154
45.82000000000156,4.239999999999932,92.56638935108153,-83.80897860801446
45.84000000000157,4.244999999999932,88.44578696343402,-88.4739185750636
45.86000000000157,4.249999999999932,90.37102014294996,-85.2734518700184
45.88000000000157,4.2549999999999315,86.38571428571429,-84.49635479951398
45.900000000001576,4.259999999999931,84.6248859142075,-84.47069541451565
45.92000000000158,4.264999999999931,81.57243401759531,-89.70074169622703
45.94000000000158,4.269999999999931,87.61007874015749,-88.53023551877784
45.960000000001585,4.274999999999931,85.64100985221675,-86.19832661915092
45.98000000000159,4.279999999999931,86.70885286783043,-85.06483180428135
46.00000000000159,4.284999999999931,83.80897860801446,-85.72018489984592
46.020000000001595,4.289999999999931,91.08120497707924,-88.41767323585505
46.0400000000016,4.294999999999931,84.75380865326021,-87.22546252743807
46.0600000000016,4.2999999999999305,89.84560723514213,-88.72791068580543
46.080000000001604,4.30499999999993,88.36149936467598,-92.93752088205812
46.10000000000161,4.30999999999993,91.17076368403802,-91.14089121887287
46.12000000000161,4.31499999999993,86.25178294573644,-88.89805049536594
46.14000000000161,4.31999999999993,85.66738527871883,-84.2404603270745
46.16000000000162,4.32499999999993,82.73706127305175,-85.82597963591485
46.18000000000162,4.32999999999993,91.3504105090312,-86.4931592039801
46.20000000000162,4.33499999999993,87.6376811594203,-89.55634256278172
46.220000000001626,4.33999999999993,84.49635479951398,-80.00057520851308
46.24000000000163,4.34499999999993,88.69961734693878,-91.08120497707924
46.26000000000163,4.3499999999999295,85.4568356374808,-82.86029192731606
46.280000000001635,4.354999999999929,88.84126477163846,-89.75863181671507
46.30000000000164,4.359999999999929,85.64100985221675,-82.5896674584323
46.32000000000164,4.364999999999929,87.36243718592965,-90.4886141834743
46.340000000001645,4.369999999999929,95.98412698412699,-82.73706127305175
46.36000000000165,4.374999999999929,88.61484549219497,-89.8746365105008
46.38000000000165,4.379999999999929,91.29044962257959,-89.35496305814327
46.400000000001654,4.384999999999929,87.80366161616162,-89.67182462927143
46.42000000000166,4.389999999999929,94.51647978253483,-88.64308476736775
46.44000000000166,4.3949999999999285,89.84560723514213,-92.2899800928998
46.46000000000166,4.399999999999928,85.5883076923077,-88.86964856230033
46.48000000000167,4.404999999999928,90.78394255874674,-91.20065573770492
46.50000000000167,4.409999999999928,89.12592117910926,-88.10959771935381
46.52000000000167,4.414999999999928,88.69961734693878,-93.9419115163796
46.540000000001676,4.419999999999928,91.3504105090312,-86.30530561588583
46.56000000000168,4.424999999999928,90.81358145608881,-92.2899800928998
46.58000000000168,4.429999999999928,96.41663778162912,-89.55634256278172
46.600000000001685,4.434999999999928,96.38322938322939,-92.50482208180911
46.62000000000169,4.439999999999928,90.4886141834743,-84.80548780487804
46.64000000000169,4.4449999999999275,85.40435984034387,-91.53076669957224
46.660000000001695,4.449999999999927,93.43701713134028,-83.10785778308933
46.6800000000017,4.454999999999927,92.44333665669657,-89.26893453145058
46.7000000000017,4.459999999999927,90.28302499188575,-84.2404603270745
46.720000000001704,4.464999999999927,88.9833653230966,-93.21782841823057
46.74000000000171,4.469999999999927,91.56089532587228,-87.52737570799245
46.76000000000171,4.474999999999927,89.01183999999999,-89.70074169622703
46.78000000000171,4.479999999999927,94.58075484529071,-91.44049967126891
46.80000000000172,4.484999999999927,90.75432300163133,-94.1326565143824
46.82000000000172,4.4899999999999265,92.2899800928998,-81.4291569086651
46.84000000000172,4.494999999999926,92.62803862803864,-91.38042049934297
46.860000000001726,4.499999999999926,92.78252168112076,-89.4699260212287
46.88000000000173,4.504999999999926,87.25282308657465,-92.56638935108153
46.90000000000173,4.509999999999926,93.78354686446393,-91.17076368403802
46.920000000001735,4.514999999999926,90.84323971260615,-95.81880812952117
46.94000000000174,4.519999999999926,91.77235235895743,-89.72967741935484
46.96000000000174,4.524999999999926,91.53076669957224,-95.52266483516485
46.980000000001745,4.529999999999926,89.04033290653008,-85.64100985221675
47.00000000000175,4.5349999999999255,90.69514183240953,-90.72472276581867
47.02000000000175,4.539999999999925,87.38988375746152,-89.72967741935484
47.040000000001754,4.544999999999925,96.51700208188757,-98.32520325203252
47.06000000000176,4.549999999999925,89.93275137407048,-86.70885286783043
47.08000000000176,4.554999999999925,92.96858288770053,-93.43701713134028
47.100000000001764,4.559999999999925,94.93583617747441,-91.95438016528927
47.12000000000177,4.564999999999925,95.98412698412699,-92.0761337305528
47.14000000000177,4.569999999999925,93.62571524739144,-87.58249370277079
47.16000000000177,4.574999999999925,88.84126477163846,-101.44493070751277
47.180000000001776,4.579999999999925,94.06898884004059,-95.7198898830007
47.20000000000178,4.5849999999999245,93.75193798449612,-93.72035040431267
47.22000000000178,4.589999999999924,92.47406914893617,-85.98516228748068
47.240000000001785,4.594999999999924,91.11103832296102,-95.03313973351554
47.26000000000179,4.599999999999924,88.22137646685697,-95.06561859193438
47.28000000000179,4.604999999999924,90.66558018252934,-91.44049967126891
47.300000000001795,4.609999999999924,90.07836787564767,-92.35126162018592
47.3200000000018,4.614999999999924,96.24982698961938,-96.55050329746615
47.3400000000018,4.619999999999924,91.98478835978837,-88.53023551877784
47.360000000001804,4.624999999999924,93.31164038913117,-92.32061068702289
47.38000000000181,4.6299999999999235,92.47406914893617,-95.26095890410959
47.40000000000181,4.634999999999923,97.77223198594025,-95.7858126721763
47.420000000001814,4.639999999999923,93.91019581363943,-95.09811965811966
47.44000000000182,4.644999999999923,95.52266483516485,-88.55842088506844
47.46000000000182,4.649999999999923,95.75283993115318,-93.5312710154674
47.48000000000182,4.654999999999923,97.84101301442139,-91.17076368403802
47.500000000001826,4.659999999999923,102.56710914454278,-95.29359369647139
47.52000000000183,4.664999999999923,90.81358145608881,-93.8468286099865
47.54000000000183,4.669999999999923,98.22104519774011,-97.80661040787624
47.560000000001835,4.6749999999999226,95.06561859193438,-92.1982101425257
47.58000000000184,4.6799999999999224,93.75193798449612,-90.1952010376135
47.60000000000184,4.684999999999922,94.32417768735164,-94.4522920203735
47.620000000001845,4.689999999999922,96.38322938322939,-90.78394255874674
47.64000000000185,4.694999999999922,101.29715950473415,-94.4522920203735
47.66000000000185,4.699999999999922,97.32750174947515,-97.63495963495964
47.680000000001854,4.704999999999922,98.18637486763149,-100.7103548153512
47.70000000000186,4.709999999999922,99.55690765926988,-98.25574002119393
47.72000000000186,4.714999999999922,103.02296296296296,-103.6371087928465
47.740000000001864,4.719999999999922,94.1326565143824,-96.15001728309713
47.76000000000187,4.7249999999999215,98.01338971106412,-100.38325514254781
47.78000000000187,4.729999999999921,99.8786355475763,-91.20065573770492
47.80000000000187,4.734999999999921,98.08251057827925,-94.29220338983052
47.820000000001876,4.739999999999921,98.81420959147424,-97.63495963495964
47.84000000000188,4.744999999999921,97.29345925148652,-100.96624319419239
47.86000000000188,4.749999999999921,100.23855855855857,-105.16521739130435
47.880000000001885,4.754999999999921,102.49152542372882,-100.63748191027496
47.90000000000189,4.759999999999921,101.40794750273423,-104.41516516516518
47.92000000000189,4.764999999999921,102.00293362669602,-95.88486728714236
47.940000000001895,4.7699999999999205,100.63748191027496,-98.32520325203252
47.9600000000019,4.77499999999992,98.70901348474096,-94.96824854899283
47.9800000000019,4.77999999999992,96.58402777777778,-102.19030124908156
48.000000000001904,4.78499999999992,99.9504132231405,-103.02296296296296
48.02000000000191,4.78999999999992,101.3709912536443,-96.7183588317107
48.04000000000191,4.79499999999992,101.70457038391226,-101.55604235122307
48.060000000001914,4.79999999999992,104.80859080633006,-102.9086200517943
48.08000000000192,4.80499999999992,100.022294138799,-100.96624319419239
48.10000000000192,4.80999999999992,98.18637486763149,-104.41516516516518
48.12000000000192,4.81499999999992,98.60404112017017,-98.99003558718861
48.140000000001926,4.8199999999999195,95.7858126721763,-95.3262508567512
48.16000000000193,4.824999999999919,98.74405395811148,-94.22831978319785
48.18000000000193,4.829999999999919,102.22785740536567,-105.0064175160438
48.200000000001936,4.834999999999919,106.9031514219831,-101.66739766081872
48.22000000000194,4.839999999999919,105.68465045592704,-103.79179104477612
48.24000000000194,4.844999999999919,97.15752706950752,-106.4531190202832
48.260000000001945,4.849999999999919,99.4856938483548,-96.21653407125562
48.28000000000195,4.854999999999919,99.4856938483548,-107.5645784996133
48.30000000000195,4.859999999999919,95.68696250429997,-97.90989088349174
48.320000000001954,4.8649999999999185,94.87107776261938,-104.21955788684902
48.34000000000196,4.869999999999918,96.45006934812761,-98.04793796263658
48.36000000000196,4.874999999999918,98.99003558718861,-99.52128801431128
48.380000000001964,4.879999999999918,103.75307720999626,-99.55690765926988
48.40000000000197,4.884999999999918,106.57547892720306,-98.99003558718861
48.42000000000197,4.889999999999918,102.56710914454278,-103.36752136752138
48.44000000000197,4.894999999999918,96.7183588317107,-99.41458184417442
48.460000000001976,4.899999999999918,101.14981818181819,-91.86327608982828
48.48000000000198,4.904999999999918,88.95490885833067,-95.09811965811966
48.50000000000198,4.9099999999999175,100.27469358327326,-100.34704184704187
48.520000000001986,4.914999999999917,100.96624319419239,-106.65720858895705
48.54000000000199,4.919999999999917,107.02654867256638,-102.4160530191458
48.56000000000199,4.924999999999917,103.90810608890548,-102.56710914454278
48.580000000001995,4.929999999999917,107.35700501736781,-100.38325514254781
48.600000000002,4.934999999999917,103.25241276911656,-105.16521739130435
48.620000000002,4.939999999999917,95.48987298317886,-100.27469358327326
48.640000000002004,4.944999999999917,105.44427596664141,-103.13756025213199
48.66000000000201,4.949999999999917,103.0993328391401,-105.44427596664141
48.68000000000201,4.954999999999917,109.08313725490197,-100.45576020223908
48.700000000002014,4.9599999999999165,104.21955788684902,-110.51330949543107
48.72000000000202,4.964999999999916,107.19152215799616,-100.78333333333333
48.74000000000202,4.969999999999916,106.65720858895705,-106.49387442572741
48.76000000000202,4.974999999999916,105.24479757850928,-98.18637486763149
48.780000000002026,4.979999999999916,106.9442522106882,-108.02407766990292
48.80000000000203,4.984999999999916,104.14152002995134,-105.28463285389857
48.82000000000203,4.989999999999916,103.94693572496263,-106.00685975609757
48.840000000002036,4.994999999999916,110.03243670886077,-106.08771929824562
48.86000000000204,4.999999999999916,110.90988835725679,-104.5721804511278
48.88000000000204,5.0049999999999155,107.23284502698536,-104.33683420855215
48.900000000002045,5.009999999999915,104.49361382419235,-103.71439224459358
48.92000000000205,5.014999999999915,102.19030124908156,-99.8786355475763
48.94000000000205,5.019999999999915,102.34069168506255,-109.55573060259945
48.960000000002054,5.024999999999915,103.86930545182972,-109.04037632301059
48.98000000000206,5.029999999999915,107.81472868217055,-110.03243670886077
49.00000000000206,5.034999999999915,107.19152215799616,-109.81523884721675
49.020000000002064,5.039999999999915,105.76501901140685,-99.8786355475763
49.04000000000207,5.044999999999915,104.02468212415856,-107.89837083010086
49.06000000000207,5.049999999999915,106.04727411361037,-104.49361382419235
49.08000000000207,5.0549999999999145,110.55723370429253,-113.90745290745292
49.100000000002076,5.059999999999914,107.10897189064306,-98.56909992912828
49.12000000000208,5.064999999999914,106.3310397553517,-104.84809649453449
49.14000000000208,5.069999999999914,108.78451310129059,-106.4531190202832
49.160000000002086,5.074999999999914,106.53466104940635,-104.41516516516518
49.18000000000209,5.079999999999914,112.79886455798865,-99.4856938483548
49.20000000000209,5.084999999999914,106.04727411361037,-101.74177029992686
49.220000000002095,5.089999999999914,102.71861152141803,-102.68069398301957
49.2400000000021,5.094999999999914,104.84809649453449,-110.03243670886077
49.2600000000021,5.0999999999999135,115.18095238095238,-106.20924016800306
49.280000000002104,5.104999999999913,108.69949198905823,-102.98482043687522
49.30000000000211,5.109999999999913,111.53247794707298,-106.61632809505558
49.32000000000211,5.114999999999913,103.79179104477612,-100.7103548153512
49.340000000002114,5.119999999999913,108.36073237241916,-102.15277267719426
49.36000000000212,5.124999999999913,109.55573060259945,-108.48751950078002
49.38000000000212,5.129999999999913,109.72859960552269,-102.68069398301957
49.40000000000212,5.134999999999913,109.46950019677293,-103.59851024208567
49.420000000002126,5.139999999999913,107.35700501736781,-99.84278535534817
49.44000000000213,5.1449999999999125,110.7773795300677,-110.73328025477707
49.46000000000213,5.149999999999912,110.38174603174603,-102.94670614359732
49.480000000002136,5.154999999999912,108.48751950078002,-98.35997171145686
49.50000000000214,5.159999999999912,105.484262419416,-104.92719728404376
49.52000000000214,5.164999999999912,112.02658074909385,-97.36156807840392
49.540000000002145,5.169999999999912,114.46995884773662,-113.21204721204721
49.56000000000215,5.174999999999912,106.3310397553517,-105.80524914416128
49.58000000000215,5.179999999999912,116.33709744876622,-102.9086200517943
49.600000000002154,5.184999999999912,106.4531190202832,-103.79179104477612
49.62000000000216,5.189999999999912,108.52984783456887,-101.29715950473415
49.64000000000216,5.1949999999999115,113.72117743254293,-109.90201501382853
49.660000000002164,5.199999999999911,107.02654867256638,-107.23284502698536
49.68000000000217,5.204999999999911,118.01527365294866,-110.20681458003169
49.70000000000217,5.209999999999911,109.34040880503144,-111.4877755511022
49.72000000000217,5.214999999999911,108.06604506604508,-106.29040886511274
49.740000000002176,5.219999999999911,107.52299961345187,-111.80144694533763
49.76000000000218,5.224999999999911,112.84462474645031,-108.44522417153996
49.78000000000218,5.229999999999911,116.33709744876622,-108.10804508356006
49.800000000002186,5.234999999999911,114.42287124640066,-112.98212835093422
49.82000000000219,5.2399999999999105,110.73328025477707,-108.99764890282133
49.84000000000219,5.24499999999991,108.78451310129059,-112.93625659764515
49.860000000002195,5.24999999999991,113.95411716509626,-113.72117743254293
49.8800000000022,5.25499999999991,111.4877755511022,-105.32449829609997
49.9000000000022,5.25999999999991,108.23424124513618,-113.39665715450468
49.920000000002204,5.26499999999991,109.29744597249508,-113.6747037188394
49.94000000000221,5.26999999999991,107.5645784996133,-111.35388310648518
49.96000000000221,5.27499999999991,119.02524604193411,-119.69104991394148
49.980000000002214,5.27999999999991,112.5706191825172,-114.56425041186162
50.00000000000222,5.2849999999999095,115.03804797353185,-110.16316831683167
50.02000000000222,5.289999999999909,115.03804797353185,-115.46782897467828
50.04000000000222,5.294999999999909,110.11955661124307,-109.68533123028392
50.060000000002226,5.299999999999909,111.57721620537505,-112.70745542949757
50.08000000000223,5.304999999999909,111.35388310648518,-116.77665827036104
50.10000000000223,5.309999999999909,102.26544117647059,-111.39847817380857
50.120000000002236,5.314999999999909,114.7059793814433,-118.3668085106383
50.14000000000224,5.319999999999909,110.2504954419342,-116.87478991596639
50.16000000000224,5.324999999999909,115.27641939494406,-114.09433962264151
50.180000000002245,5.329999999999909,111.39847817380857,-111.66680048173424
50.20000000000225,5.3349999999999085,110.38174603174603,-110.68921607640272
50.22000000000225,5.339999999999908,109.04037632301059,-118.0653650254669
